ID,DEFCON_Level
1,4.0
10,3.0
14,2.0
17,2.0
21,2.0
40,2.0
45,3.0
50,3.0
52,2.0
85,2.0
95,4.0
106,2.0
111,2.0
123,4.0
129,3.0
130,3.0
132,4.0
137,2.0
159,2.0
161,2.0
162,2.0
166,2.0
170,3.0
173,3.0
177,2.0
180,2.0
182,2.0
183,2.0
184,3.0
188,3.0
190,3.0
191,3.0
201,2.0
203,2.0
206,2.0
217,2.0
220,2.0
221,2.0
225,3.0
229,2.0
231,3.0
232,2.0
234,2.0
236,2.0
237,2.0
240,3.0
245,2.0
250,2.0
252,2.0
254,3.0
261,2.0
265,3.0
266,3.0
271,3.0
273,3.0
274,2.0
275,2.0
280,2.0
285,2.0
292,3.0
304,2.0
311,2.0
316,2.0
317,3.0
318,2.0
321,2.0
322,2.0
327,2.0
332,2.0
338,2.0
356,4.0
364,2.0
372,3.0
379,1.0
380,2.0
384,1.0
388,4.0
390,3.0
401,3.0
408,3.0
413,2.0
416,3.0
426,3.0
428,2.0
432,3.0
433,2.0
437,2.0
440,3.0
444,3.0
447,4.0
451,2.0
461,3.0
469,3.0
470,2.0
481,2.0
483,4.0
490,2.0
491,3.0
494,3.0
495,3.0
497,3.0
504,2.0
509,2.0
511,3.0
513,3.0
514,3.0
518,4.0
520,3.0
526,3.0
529,3.0
530,2.0
532,3.0
536,2.0
543,3.0
553,2.0
559,2.0
561,3.0
563,2.0
566,2.0
593,2.0
595,3.0
597,2.0
602,3.0
604,2.0
615,2.0
617,3.0
618,2.0
622,3.0
626,1.0
633,3.0
636,2.0
642,4.0
648,2.0
651,3.0
653,1.0
658,3.0
659,2.0
660,3.0
662,2.0
665,3.0
674,2.0
676,2.0
682,2.0
686,3.0
687,3.0
692,2.0
699,3.0
703,3.0
706,2.0
708,2.0
714,2.0
719,3.0
721,4.0
725,3.0
728,2.0
733,3.0
735,2.0
736,2.0
745,2.0
762,2.0
768,2.0
773,2.0
777,2.0
781,3.0
782,3.0
797,2.0
801,2.0
815,2.0
818,3.0
824,2.0
832,2.0
834,2.0
842,2.0
850,2.0
855,2.0
860,2.0
865,1.0
867,2.0
868,2.0
873,3.0
876,3.0
882,2.0
886,2.0
887,2.0
888,3.0
889,2.0
898,3.0
902,2.0
908,3.0
909,2.0
914,3.0
927,2.0
940,2.0
944,2.0
950,3.0
951,2.0
953,3.0
956,3.0
967,3.0
977,2.0
978,2.0
979,3.0
982,2.0
989,3.0
990,2.0
999,3.0
1005,2.0
1011,2.0
1013,3.0
1015,2.0
1018,3.0
1021,3.0
1022,3.0
1024,3.0
1025,3.0
1031,2.0
1036,2.0
1048,3.0
1050,3.0
1055,2.0
1057,3.0
1072,2.0
1075,2.0
1082,2.0
1102,2.0
1103,3.0
1109,2.0
1114,3.0
1116,3.0
1123,3.0
1127,3.0
1135,2.0
1143,3.0
1144,4.0
1147,3.0
1149,3.0
1155,2.0
1158,2.0
1160,2.0
1164,2.0
1170,3.0
1175,3.0
1179,3.0
1186,3.0
1193,2.0
1197,2.0
1198,3.0
1207,3.0
1213,3.0
1217,2.0
1226,2.0
1227,3.0
1234,3.0
1238,2.0
1240,2.0
1242,2.0
1250,2.0
1251,2.0
1256,3.0
1258,1.0
1269,3.0
1270,3.0
1271,3.0
1272,2.0
1279,3.0
1282,2.0
1284,4.0
1285,2.0
1286,3.0
1294,2.0
1305,3.0
1310,3.0
1312,2.0
1325,3.0
1333,2.0
1343,2.0
1347,3.0
1348,2.0
1350,2.0
1355,3.0
1357,2.0
1371,4.0
1378,2.0
1393,3.0
1398,3.0
1405,2.0
1406,3.0
1407,2.0
1421,3.0
1431,2.0
1432,3.0
1437,3.0
1439,3.0
1440,3.0
1441,2.0
1442,3.0
1448,2.0
1450,3.0
1453,3.0
1454,2.0
1460,4.0
1461,3.0
1473,3.0
1481,2.0
1488,3.0
1499,2.0
1502,2.0
1505,3.0
1511,3.0
1516,3.0
1523,1.0
1527,3.0
1560,3.0
1566,2.0
1567,2.0
1568,2.0
1569,3.0
1570,2.0
1576,4.0
1589,3.0
1592,2.0
1598,2.0
1599,2.0
1600,2.0
1607,3.0
1608,1.0
1611,2.0
1613,3.0
1623,3.0
1647,1.0
1649,2.0
1658,3.0
1662,3.0
1668,2.0
1676,2.0
1678,2.0
1682,2.0
1690,3.0
1701,3.0
1710,2.0
1723,3.0
1725,1.0
1747,3.0
1748,2.0
1754,4.0
1756,2.0
1757,3.0
1770,3.0
1774,2.0
1776,3.0
1789,3.0
1794,2.0
1804,3.0
1806,2.0
1807,2.0
1811,2.0
1814,2.0
1826,3.0
1832,3.0
1835,2.0
1839,3.0
1840,3.0
1848,3.0
1849,3.0
1850,3.0
1854,4.0
1861,2.0
1866,2.0
1868,2.0
1872,3.0
1875,3.0
1877,2.0
1879,4.0
1880,3.0
1892,3.0
1896,3.0
1898,4.0
1899,2.0
1903,2.0
1909,3.0
1912,3.0
1920,2.0
1933,4.0
1940,3.0
1941,3.0
1944,2.0
1946,3.0
1950,3.0
1955,2.0
1957,3.0
1958,3.0
1965,2.0
1971,2.0
1974,3.0
1980,3.0
1984,3.0
1990,2.0
1991,3.0
1994,2.0
1997,3.0
2006,1.0
2008,3.0
2013,3.0
2015,4.0
2016,3.0
2021,2.0
2023,2.0
2038,3.0
2040,2.0
2048,2.0
2063,2.0
2073,4.0
2075,2.0
2081,3.0
2082,3.0
2086,2.0
2090,3.0
2091,3.0
2094,2.0
2096,2.0
2097,3.0
2101,2.0
2103,3.0
2106,2.0
2107,3.0
2113,2.0
2122,3.0
2123,2.0
2132,2.0
2134,4.0
2141,3.0
2145,3.0
2147,3.0
2149,3.0
2155,3.0
2161,2.0
2177,2.0
2179,4.0
2182,2.0
2192,3.0
2195,1.0
2196,2.0
2197,3.0
2199,5.0
2204,2.0
2206,2.0
2212,2.0
2215,3.0
2217,2.0
2220,3.0
2222,2.0
2227,3.0
2239,2.0
2241,3.0
2246,3.0
2254,2.0
2255,3.0
2259,2.0
2263,3.0
2264,2.0
2269,4.0
2281,1.0
2284,3.0
2285,4.0
2292,2.0
2293,3.0
2299,4.0
2301,3.0
2302,3.0
2303,2.0
2307,3.0
2315,3.0
2316,3.0
2317,2.0
2320,3.0
2322,3.0
2334,3.0
2336,2.0
2342,3.0
2343,2.0
2349,2.0
2354,3.0
2357,3.0
2364,3.0
2370,3.0
2379,3.0
2389,2.0
2400,3.0
2402,2.0
2406,3.0
2427,3.0
2429,2.0
2435,2.0
2438,3.0
2439,3.0
2449,4.0
2454,2.0
2455,2.0
2462,2.0
2471,2.0
2472,4.0
2475,2.0
2476,2.0
2483,2.0
2485,3.0
2488,3.0
2492,3.0
2494,4.0
2504,3.0
2510,2.0
2516,2.0
2517,2.0
2519,3.0
2527,2.0
2529,2.0
2540,2.0
2546,4.0
2553,1.0
2554,2.0
2558,3.0
2572,2.0
2585,3.0
2587,2.0
2597,2.0
2599,3.0
2600,3.0
2601,3.0
2608,3.0
2613,2.0
2616,2.0
2619,2.0
2620,2.0
2621,3.0
2622,3.0
2623,2.0
2634,2.0
2636,1.0
2640,2.0
2643,3.0
2646,3.0
2651,2.0
2653,4.0
2654,3.0
2657,3.0
2658,2.0
2664,4.0
2667,3.0
2668,2.0
2680,2.0
2682,4.0
2692,2.0
2693,2.0
2695,2.0
2697,3.0
2698,4.0
2703,3.0
2718,3.0
2728,2.0
2729,3.0
2736,3.0
2737,3.0
2738,1.0
2739,4.0
2746,2.0
2750,2.0
2755,3.0
2764,3.0
2767,3.0
2769,2.0
2772,2.0
2777,2.0
2778,2.0
2779,3.0
2780,3.0
2785,2.0
2793,3.0
2801,2.0
2814,3.0
2821,3.0
2828,2.0
2834,2.0
2844,2.0
2848,2.0
2850,4.0
2852,3.0
2860,2.0
2861,3.0
2864,2.0
2868,2.0
2886,3.0
2887,2.0
2890,3.0
2892,2.0
2907,3.0
2908,3.0
2909,2.0
2914,3.0
2917,3.0
2923,3.0
2924,3.0
2934,3.0
2937,2.0
2945,2.0
2948,3.0
2950,2.0
2953,2.0
2955,2.0
2959,3.0
2971,3.0
2974,3.0
2987,3.0
2994,3.0
2995,4.0
3003,2.0
3013,3.0
3014,2.0
3015,2.0
3028,2.0
3041,2.0
3053,3.0
3057,3.0
3059,3.0
3060,3.0
3069,4.0
3071,3.0
3072,4.0
3082,2.0
3084,3.0
3086,3.0
3098,3.0
3100,2.0
3102,4.0
3110,2.0
3111,3.0
3118,3.0
3119,2.0
3125,4.0
3133,2.0
3136,2.0
3141,4.0
3149,3.0
3150,4.0
3155,2.0
3156,3.0
3160,2.0
3163,2.0
3175,2.0
3180,3.0
3188,2.0
3192,3.0
3193,2.0
3197,2.0
3201,3.0
3204,3.0
3206,3.0
3210,3.0
3212,2.0
3216,2.0
3239,2.0
3240,3.0
3246,2.0
3247,3.0
3252,2.0
3259,4.0
3262,1.0
3264,4.0
3275,2.0
3280,3.0
3282,4.0
3289,4.0
3294,3.0
3297,3.0
3299,3.0
3302,2.0
3308,2.0
3311,4.0
3315,3.0
3317,3.0
3319,2.0
3326,3.0
3330,2.0
3331,2.0
3333,3.0
3337,3.0
3344,2.0
3359,2.0
3369,3.0
3372,3.0
3373,2.0
3374,2.0
3384,2.0
3385,3.0
3395,3.0
3399,3.0
3401,2.0
3406,4.0
3410,3.0
3420,4.0
3422,2.0
3428,2.0
3431,3.0
3434,2.0
3436,3.0
3440,3.0
3443,3.0
3451,3.0
3454,2.0
3455,3.0
3456,2.0
3462,2.0
3463,2.0
3464,4.0
3470,2.0
3477,3.0
3485,3.0
3486,3.0
3489,3.0
3490,1.0
3501,3.0
3503,2.0
3510,2.0
3517,2.0
3518,2.0
3525,3.0
3526,3.0
3530,2.0
3532,2.0
3546,3.0
3548,2.0
3568,2.0
3571,3.0
3573,1.0
3577,2.0
3587,3.0
3596,3.0
3604,2.0
3606,3.0
3613,4.0
3620,3.0
3632,2.0
3638,2.0
3640,3.0
3643,4.0
3644,2.0
3645,3.0
3648,3.0
3657,2.0
3665,2.0
3670,3.0
3674,2.0
3686,4.0
3687,2.0
3692,2.0
3694,2.0
3698,3.0
3701,4.0
3725,2.0
3728,2.0
3729,3.0
3733,2.0
3743,2.0
3746,2.0
3747,2.0
3748,4.0
3749,3.0
3752,2.0
3760,2.0
3761,2.0
3762,3.0
3765,2.0
3767,3.0
3775,3.0
3780,4.0
3790,3.0
3794,2.0
3795,2.0
3806,2.0
3807,2.0
3809,2.0
3810,3.0
3811,2.0
3812,2.0
3818,2.0
3820,3.0
3821,4.0
3827,2.0
3835,3.0
3836,2.0
3839,3.0
3841,3.0
3842,3.0
3845,2.0
3854,2.0
3855,3.0
3856,2.0
3863,2.0
3865,3.0
3878,2.0
3887,2.0
3888,2.0
3889,2.0
3892,2.0
3897,2.0
3911,2.0
3912,2.0
3914,3.0
3928,2.0
3929,3.0
3933,2.0
3941,3.0
3943,3.0
3954,2.0
3960,3.0
3962,3.0
3965,1.0
3967,3.0
3968,2.0
3980,2.0
3987,3.0
3989,3.0
3990,3.0
3997,2.0
4000,3.0
4002,3.0
4006,2.0
4007,3.0
4019,1.0
4024,2.0
4026,2.0
4027,2.0
4032,4.0
4039,5.0
4040,2.0
4047,4.0
4048,3.0
4049,3.0
4050,2.0
4061,2.0
4062,3.0
4063,3.0
4070,2.0
4090,3.0
4094,2.0
4098,3.0
4099,3.0
4100,2.0
4108,1.0
4120,3.0
4129,3.0
4133,3.0
4134,3.0
4136,2.0
4139,2.0
4148,2.0
4152,3.0
4153,3.0
4157,3.0
4162,2.0
4169,2.0
4176,2.0
4181,4.0
4189,3.0
4192,2.0
4198,4.0
4207,3.0
4208,2.0
4211,1.0
4218,3.0
4223,4.0
4232,3.0
4234,2.0
4246,3.0
4253,3.0
4254,3.0
4255,3.0
4260,2.0
4267,2.0
4274,3.0
4275,3.0
4278,4.0
4281,2.0
4293,2.0
4294,4.0
4300,2.0
4307,3.0
4310,2.0
4311,2.0
4315,2.0
4330,3.0
4333,2.0
4340,2.0
4352,3.0
4360,4.0
4365,4.0
4367,2.0
4376,2.0
4378,4.0
4385,3.0
4405,3.0
4413,2.0
4414,2.0
4426,3.0
4430,3.0
4431,2.0
4438,3.0
4439,3.0
4441,3.0
4443,2.0
4449,3.0
4453,3.0
4456,4.0
4457,2.0
4459,2.0
4461,4.0
4464,3.0
4468,2.0
4476,2.0
4480,3.0
4482,2.0
4491,3.0
4493,2.0
4494,3.0
4495,2.0
4496,3.0
4503,2.0
4505,3.0
4506,3.0
4512,3.0
4516,2.0
4518,2.0
4521,2.0
4522,3.0
4529,2.0
4530,2.0
4536,3.0
4539,2.0
4543,2.0
4546,3.0
4547,2.0
4550,2.0
4564,2.0
4571,1.0
4583,2.0
4592,2.0
4594,4.0
4597,3.0
4598,2.0
4614,2.0
4617,3.0
4621,3.0
4630,2.0
4634,2.0
4638,3.0
4639,3.0
4645,4.0
4650,3.0
4651,2.0
4654,4.0
4656,2.0
4660,2.0
4665,4.0
4670,4.0
4671,2.0
4679,2.0
4682,4.0
4684,4.0
4688,3.0
4693,2.0
4712,3.0
4714,2.0
4721,2.0
4722,2.0
4724,3.0
4726,3.0
4728,1.0
4730,2.0
4735,2.0
4741,2.0
4742,2.0
4744,3.0
4746,3.0
4757,3.0
4761,1.0
4770,2.0
4772,3.0
4773,3.0
4780,3.0
4783,2.0
4785,2.0
4786,3.0
4787,2.0
4793,4.0
4794,2.0
4808,2.0
4811,2.0
4831,3.0
4832,3.0
4836,3.0
4839,3.0
4842,3.0
4846,2.0
4855,3.0
4856,2.0
4859,3.0
4862,3.0
4869,3.0
4877,2.0
4878,2.0
4887,2.0
4892,2.0
4913,2.0
4914,2.0
4926,2.0
4940,2.0
4944,3.0
4959,2.0
4966,2.0
4972,3.0
4978,2.0
4981,2.0
4985,2.0
4992,3.0
4998,3.0
5000,3.0
5001,2.0
5004,2.0
5005,2.0
5016,2.0
5020,2.0
5021,2.0
5041,3.0
5045,4.0
5052,3.0
5063,3.0
5072,2.0
5074,3.0
5080,2.0
5087,3.0
5094,2.0
5099,3.0
5100,3.0
5109,3.0
5111,3.0
5115,2.0
5117,3.0
5119,2.0
5125,3.0
5126,2.0
5127,2.0
5142,3.0
5149,2.0
5160,3.0
5163,3.0
5170,2.0
5175,2.0
5184,2.0
5187,3.0
5189,4.0
5200,4.0
5202,2.0
5203,3.0
5206,3.0
5218,4.0
5224,4.0
5226,2.0
5230,1.0
5231,3.0
5232,2.0
5234,3.0
5239,2.0
5244,2.0
5245,4.0
5246,4.0
5253,2.0
5262,3.0
5268,2.0
5271,2.0
5275,3.0
5277,3.0
5278,3.0
5283,3.0
5284,4.0
5285,2.0
5288,3.0
5329,2.0
5336,3.0
5339,2.0
5340,1.0
5342,2.0
5350,2.0
5359,4.0
5376,2.0
5387,2.0
5399,3.0
5401,3.0
5423,2.0
5425,2.0
5433,4.0
5445,3.0
5451,4.0
5452,3.0
5461,4.0
5464,3.0
5465,3.0
5466,3.0
5471,2.0
5481,2.0
5482,3.0
5485,2.0
5489,4.0
5497,3.0
5505,2.0
5508,3.0
5510,2.0
5519,3.0
5531,3.0
5536,3.0
5537,2.0
5538,3.0
5547,3.0
5554,3.0
5561,3.0
5563,3.0
5568,3.0
5573,3.0
5579,3.0
5583,2.0
5584,3.0
5586,3.0
5589,2.0
5595,2.0
5601,3.0
5603,2.0
5610,2.0
5618,3.0
5622,2.0
5623,2.0
5625,3.0
5630,2.0
5637,2.0
5640,3.0
5642,2.0
5643,2.0
5648,2.0
5653,2.0
5656,3.0
5666,2.0
5676,3.0
5680,2.0
5690,4.0
5700,2.0
5702,4.0
5708,3.0
5709,3.0
5714,2.0
5723,4.0
5729,3.0
5736,2.0
5744,2.0
5750,2.0
5751,3.0
5752,4.0
5753,2.0
5757,2.0
5760,3.0
5768,3.0
5772,3.0
5788,2.0
5795,3.0
5800,3.0
5806,2.0
5809,3.0
5810,1.0
5819,4.0
5822,2.0
5826,4.0
5829,3.0
5831,4.0
5833,1.0
5837,3.0
5840,2.0
5848,3.0
5852,3.0
5868,2.0
5874,4.0
5876,2.0
5883,3.0
5888,2.0
5889,1.0
5898,2.0
5899,2.0
5903,3.0
5906,3.0
5907,3.0
5914,3.0
5919,5.0
5928,2.0
5930,3.0
5936,3.0
5948,3.0
5950,3.0
5951,3.0
5954,4.0
5958,3.0
5964,3.0
5972,2.0
5979,2.0
5983,2.0
5984,4.0
5993,2.0
5997,3.0
6006,3.0
6014,3.0
6018,3.0
6019,4.0
6020,3.0
6023,2.0
6026,3.0
6030,2.0
6036,2.0
6041,3.0
6042,3.0
6044,2.0
6053,3.0
6055,2.0
6056,2.0
6063,2.0
6064,3.0
6072,2.0
6074,3.0
6075,3.0
6078,4.0
6080,2.0
6081,3.0
6082,4.0
6085,2.0
6095,2.0
6098,3.0
6104,2.0
6113,2.0
6114,2.0
6120,2.0
6121,3.0
6122,2.0
6125,3.0
6137,2.0
6139,2.0
6147,3.0
6150,2.0
6157,2.0
6162,4.0
6167,3.0
6170,3.0
6178,3.0
6185,2.0
6187,3.0
6188,4.0
6189,2.0
6190,2.0
6204,3.0
6206,4.0
6208,2.0
6212,2.0
6215,5.0
6221,2.0
6234,2.0
6240,2.0
6241,2.0
6242,3.0
6247,4.0
6250,2.0
6255,3.0
6257,4.0
6259,2.0
6260,3.0
6261,2.0
6264,3.0
6266,3.0
6274,2.0
6277,3.0
6287,2.0
6290,2.0
6296,3.0
6301,2.0
6302,2.0
6312,2.0
6318,3.0
6327,3.0
6328,3.0
6333,2.0
6336,2.0
6338,4.0
6342,2.0
6349,4.0
6358,3.0
6359,3.0
6360,3.0
6367,3.0
6377,3.0
6379,2.0
6381,2.0
6391,2.0
6400,3.0
6402,3.0
6405,4.0
6415,4.0
6416,3.0
6420,2.0
6434,4.0
6448,2.0
6451,2.0
6453,2.0
6459,3.0
6461,2.0
6467,2.0
6468,3.0
6473,2.0
6484,2.0
6486,2.0
6490,3.0
6502,4.0
6503,3.0
6507,3.0
6512,3.0
6523,2.0
6528,3.0
6530,2.0
6543,3.0
6546,2.0
6548,2.0
6551,2.0
6553,3.0
6562,3.0
6571,2.0
6572,2.0
6579,3.0
6584,3.0
6588,2.0
6596,2.0
6599,4.0
6625,2.0
6632,4.0
6641,2.0
6651,3.0
6654,4.0
6657,2.0
6665,2.0
6671,2.0
6672,3.0
6675,3.0
6676,3.0
6682,3.0
6684,2.0
6692,2.0
6694,2.0
6700,2.0
6723,2.0
6726,2.0
6729,2.0
6734,3.0
6737,2.0
6738,2.0
6745,2.0
6747,3.0
6750,2.0
6754,3.0
6755,2.0
6761,2.0
6762,2.0
6765,3.0
6769,3.0
6785,2.0
6788,3.0
6793,3.0
6796,2.0
6799,2.0
6801,2.0
6807,3.0
6811,4.0
6812,4.0
6815,4.0
6818,3.0
6828,4.0
6832,3.0
6833,3.0
6836,2.0
6839,2.0
6842,2.0
6845,3.0
6848,2.0
6849,2.0
6850,3.0
6853,2.0
6862,3.0
6864,3.0
6868,2.0
6872,2.0
6892,2.0
6895,2.0
6897,4.0
6900,2.0
6904,2.0
6907,3.0
6912,1.0
6913,2.0
6920,3.0
6922,2.0
6924,4.0
6925,2.0
6929,2.0
6933,2.0
6938,2.0
6939,3.0
6945,3.0
6950,2.0
6953,2.0
6957,2.0
6961,3.0
6970,2.0
6975,3.0
6978,3.0
6979,3.0
6981,2.0
6985,2.0
6988,2.0
6989,4.0
6996,2.0
7007,2.0
7008,3.0
7016,3.0
7021,2.0
7022,2.0
7029,3.0
7035,3.0
7066,2.0
7067,3.0
7068,3.0
7069,2.0
7072,3.0
7077,3.0
7079,2.0
7080,2.0
7090,2.0
7091,3.0
7092,3.0
7093,3.0
7109,2.0
7114,3.0
7118,3.0
7122,3.0
7124,3.0
7126,4.0
7132,3.0
7140,3.0
7154,3.0
7156,2.0
7158,2.0
7172,2.0
7173,3.0
7174,2.0
7176,4.0
7177,3.0
7179,4.0
7181,2.0
7182,2.0
7191,2.0
7194,2.0
7195,3.0
7200,3.0
7201,2.0
7205,2.0
7208,2.0
7209,4.0
7210,2.0
7212,2.0
7213,4.0
7216,1.0
7218,3.0
7221,3.0
7222,3.0
7223,2.0
7232,3.0
7244,3.0
7253,4.0
7255,4.0
7267,2.0
7269,4.0
7279,2.0
7284,2.0
7294,2.0
7296,3.0
7298,3.0
7307,2.0
7323,2.0
7333,2.0
7335,2.0
7336,3.0
7338,3.0
7345,3.0
7346,3.0
7348,2.0
7349,2.0
7353,2.0
7354,2.0
7355,2.0
7356,2.0
7367,2.0
7370,4.0
7375,2.0
7384,1.0
7392,2.0
7394,3.0
7395,2.0
7401,2.0
7402,2.0
7407,2.0
7420,3.0
7437,2.0
7455,3.0
7460,3.0
7476,2.0
7478,3.0
7484,2.0
7491,2.0
7492,2.0
7495,3.0
7503,3.0
7505,2.0
7506,2.0
7508,3.0
7513,3.0
7526,4.0
7530,3.0
7534,3.0
7537,2.0
7541,2.0
7542,3.0
7548,2.0
7551,3.0
7553,2.0
7554,3.0
7557,2.0
7563,3.0
7568,2.0
7581,2.0
7582,3.0
7587,4.0
7617,2.0
7621,3.0
7623,1.0
7633,2.0
7639,2.0
7654,3.0
7660,3.0
7661,2.0
7662,2.0
7663,2.0
7664,3.0
7665,2.0
7668,2.0
7682,2.0
7683,3.0
7684,2.0
7687,2.0
7691,2.0
7701,2.0
7702,2.0
7705,3.0
7711,3.0
7714,4.0
7716,2.0
7725,2.0
7726,2.0
7732,4.0
7748,2.0
7755,3.0
7759,2.0
7763,3.0
7767,2.0
7769,3.0
7781,3.0
7783,2.0
7790,2.0
7798,2.0
7810,2.0
7821,2.0
7824,3.0
7828,3.0
7838,3.0
7841,3.0
7847,2.0
7852,3.0
7854,3.0
7857,3.0
7867,3.0
7868,2.0
7869,2.0
7871,3.0
7872,3.0
7885,2.0
7889,3.0
7902,3.0
7917,3.0
7918,2.0
7919,2.0
7926,2.0
7927,3.0
7928,3.0
7947,3.0
7950,2.0
7952,3.0
7955,1.0
7966,3.0
7981,2.0
7987,3.0
7996,4.0
7997,3.0
8012,2.0
8018,2.0
8020,3.0
8021,3.0
8028,3.0
8031,1.0
8034,3.0
8039,3.0
8044,2.0
8046,3.0
8049,4.0
8052,2.0
8054,2.0
8057,3.0
8058,3.0
8061,3.0
8074,4.0
8075,3.0
8078,3.0
8081,2.0
8084,2.0
8088,2.0
8089,1.0
8090,2.0
8097,3.0
8101,2.0
8105,4.0
8115,3.0
8122,4.0
8125,3.0
8132,4.0
8133,2.0
8136,2.0
8138,3.0
8144,2.0
8146,2.0
8150,1.0
8152,4.0
8157,3.0
8167,2.0
8172,2.0
8178,2.0
8184,3.0
8186,2.0
8187,2.0
8190,3.0
8198,2.0
8200,2.0
8206,2.0
8217,2.0
8221,4.0
8224,3.0
8230,3.0
8233,2.0
8237,3.0
8239,2.0
8240,3.0
8242,2.0
8243,3.0
8246,2.0
8251,3.0
8253,3.0
8268,3.0
8269,2.0
8277,3.0
8287,3.0
8294,3.0
8297,3.0
8314,4.0
8315,2.0
8317,2.0
8319,3.0
8322,2.0
8327,2.0
8329,1.0
8336,4.0
8345,4.0
8361,2.0
8362,2.0
8365,3.0
8369,1.0
8372,1.0
8374,2.0
8376,2.0
8377,3.0
8388,2.0
8389,3.0
8390,2.0
8395,2.0
8402,2.0
8412,2.0
8419,3.0
8426,3.0
8428,3.0
8429,1.0
8431,3.0
8450,2.0
8456,3.0
8463,3.0
8490,2.0
8491,3.0
8496,2.0
8507,3.0
8513,2.0
8517,2.0
8519,3.0
8524,3.0
8542,2.0
8543,2.0
8551,2.0
8553,3.0
8562,2.0
8567,2.0
8571,1.0
8574,1.0
8575,2.0
8576,2.0
8586,4.0
8587,3.0
8590,2.0
8594,3.0
8596,3.0
8599,3.0
8604,2.0
8606,3.0
8620,3.0
8623,2.0
8643,2.0
8652,3.0
8653,2.0
8655,2.0
8657,3.0
8663,2.0
8665,3.0
8685,3.0
8715,2.0
8719,4.0
8724,2.0
8725,4.0
8726,3.0
8728,2.0
8729,3.0
8730,2.0
8737,3.0
8743,2.0
8744,2.0
8747,3.0
8749,2.0
8751,3.0
8754,2.0
8756,2.0
8759,2.0
8767,2.0
8772,2.0
8773,2.0
8776,3.0
8780,2.0
8781,4.0
8786,3.0
8791,2.0
8793,2.0
8796,2.0
8798,3.0
8804,2.0
8812,3.0
8815,2.0
8862,3.0
8867,2.0
8870,2.0
8873,3.0
8875,3.0
8881,2.0
8882,4.0
8901,2.0
8903,2.0
8905,2.0
8908,3.0
8909,3.0
8913,2.0
8916,3.0
8931,3.0
8936,2.0
8943,1.0
8944,2.0
8961,4.0
8970,2.0
8976,2.0
8983,2.0
8989,3.0
8998,2.0
8999,2.0
9002,4.0
9013,3.0
9014,4.0
9018,4.0
9026,2.0
9027,2.0
9033,3.0
9035,2.0
9040,2.0
9047,3.0
9049,3.0
9051,3.0
9057,2.0
9072,3.0
9078,2.0
9080,2.0
9081,2.0
9083,2.0
9088,3.0
9089,2.0
9109,3.0
9111,2.0
9113,3.0
9117,3.0
9119,2.0
9123,3.0
9127,3.0
9135,1.0
9139,4.0
9143,3.0
9148,3.0
9160,3.0
9166,2.0
9176,3.0
9177,2.0
9178,4.0
9181,2.0
9185,2.0
9187,3.0
9192,3.0
9200,3.0
9212,1.0
9219,2.0
9230,2.0
9231,3.0
9232,2.0
9239,3.0
9242,2.0
9245,3.0
9247,4.0
9250,3.0
9252,3.0
9257,2.0
9260,3.0
9264,3.0
9266,3.0
9270,2.0
9274,4.0
9279,4.0
9281,3.0
9282,1.0
9283,3.0
9292,2.0
9300,2.0
9302,3.0
9303,3.0
9308,3.0
9313,3.0
9321,2.0
9324,3.0
9333,3.0
9340,2.0
9349,3.0
9351,3.0
9352,2.0
9353,4.0
9359,2.0
9363,2.0
9365,3.0
9373,3.0
9377,3.0
9383,2.0
9389,4.0
9392,2.0
9400,4.0
9401,3.0
9407,2.0
9408,3.0
9417,4.0
9423,2.0
9424,3.0
9430,3.0
9449,2.0
9452,3.0
9453,3.0
9456,2.0
9461,3.0
9463,2.0
9465,2.0
9471,2.0
9484,3.0
9489,2.0
9495,3.0
9508,3.0
9515,2.0
9521,4.0
9528,2.0
9534,2.0
9539,3.0
9540,3.0
9553,3.0
9557,4.0
9565,2.0
9572,3.0
9583,2.0
9584,2.0
9585,3.0
9588,3.0
9591,5.0
9595,3.0
9602,3.0
9612,3.0
9615,3.0
9622,2.0
9632,4.0
9636,3.0
9640,3.0
9641,3.0
9648,2.0
9659,3.0
9667,2.0
9669,3.0
9672,3.0
9689,2.0
9694,3.0
9695,3.0
9696,3.0
9699,2.0
9717,2.0
9720,2.0
9721,3.0
9729,2.0
9736,2.0
9740,3.0
9746,2.0
9748,3.0
9750,4.0
9751,4.0
9755,3.0
9757,3.0
9759,3.0
9761,4.0
9770,3.0
9778,3.0
9779,2.0
9783,3.0
9784,3.0
9791,3.0
9798,2.0
9804,3.0
9809,3.0
9811,4.0
9817,2.0
9818,2.0
9819,3.0
9820,2.0
9838,2.0
9840,2.0
9856,3.0
9858,2.0
9861,2.0
9864,2.0
9866,2.0
9889,1.0
9890,4.0
9894,3.0
9896,2.0
9900,2.0
9901,2.0
9903,3.0
9905,2.0
9906,3.0
9912,2.0
9913,3.0
9915,2.0
9918,2.0
9919,3.0
9920,2.0
9924,2.0
9925,4.0
9930,2.0
9936,2.0
9939,2.0
9945,3.0
9947,3.0
9948,2.0
9956,2.0
9963,3.0
9965,2.0
9969,2.0
9972,4.0
9980,2.0
9985,2.0
9991,2.0
9999,2.0
10000,2.0
10002,2.0
10004,3.0
10006,2.0
10008,2.0
10024,2.0
10032,3.0
10038,2.0
10054,3.0
10057,4.0
10062,3.0
10069,2.0
10074,2.0
10085,2.0
10086,2.0
10089,4.0
10092,2.0
10102,3.0
10104,3.0
10112,3.0
10114,3.0
10129,3.0
10134,4.0
10138,2.0
10145,2.0
10152,2.0
10156,2.0
10171,2.0
10182,2.0
10183,2.0
10185,3.0
10194,3.0
10199,3.0
10212,1.0
10220,3.0
10222,2.0
10233,4.0
10235,2.0
10236,3.0
10243,4.0
10247,2.0
10251,2.0
10253,2.0
10263,3.0
10273,2.0
10276,3.0
10282,3.0
10291,3.0
10298,2.0
10300,2.0
10303,4.0
10306,3.0
10307,3.0
10310,3.0
10316,3.0
10324,3.0
10325,2.0
10331,2.0
10332,2.0
10338,3.0
10351,3.0
10358,2.0
10359,3.0
10360,3.0
10366,2.0
10372,3.0
10374,2.0
10390,2.0
10400,3.0
10404,2.0
10406,3.0
10425,3.0
10442,2.0
10452,3.0
10465,2.0
10467,4.0
10480,3.0
10483,2.0
10486,2.0
10490,2.0
10491,2.0
10495,3.0
10496,2.0
10504,3.0
10506,2.0
10508,3.0
10514,2.0
10515,2.0
10517,2.0
10518,3.0
10520,3.0
10527,3.0
10535,4.0
10536,2.0
10547,4.0
10553,5.0
10555,3.0
10556,3.0
10557,4.0
10560,2.0
10572,3.0
10573,2.0
10582,2.0
10587,2.0
10588,2.0
10596,2.0
10600,2.0
10601,3.0
10604,2.0
10607,3.0
10613,3.0
10618,2.0
10621,2.0
10624,2.0
10633,4.0
10638,2.0
10640,3.0
10644,2.0
10647,3.0
10653,2.0
10657,5.0
10658,3.0
10670,4.0
10674,2.0
10685,2.0
10687,3.0
10691,3.0
10692,2.0
10698,2.0
10699,2.0
10702,2.0
10711,2.0
10713,2.0
10718,2.0
10729,2.0
10733,4.0
10736,4.0
10737,3.0
10740,4.0
10746,4.0
10748,3.0
10749,2.0
10750,2.0
10751,2.0
10753,2.0
10776,3.0
10781,2.0
10786,3.0
10792,2.0
10798,3.0
10799,3.0
10808,2.0
10809,3.0
10810,2.0
10812,3.0
10813,2.0
10815,2.0
10819,3.0
10821,3.0
10826,3.0
10832,2.0
10836,3.0
10846,2.0
10853,3.0
10854,3.0
10866,2.0
10867,2.0
10875,3.0
10882,2.0
10892,2.0
10895,3.0
10915,2.0
10921,2.0
10926,2.0
10927,4.0
10934,2.0
10936,4.0
10938,4.0
10941,3.0
10953,2.0
10956,2.0
10957,2.0
10959,4.0
10960,1.0
10963,3.0
10970,3.0
10981,3.0
10982,3.0
10984,2.0
10988,3.0
10996,3.0
11002,3.0
11011,3.0
11017,2.0
11019,2.0
11024,3.0
11029,2.0
11030,2.0
11032,3.0
11036,2.0
11037,3.0
11040,2.0
11043,2.0
11051,3.0
11055,3.0
11056,2.0
11059,2.0
11063,2.0
11067,2.0
11069,2.0
11080,2.0
11082,3.0
11083,2.0
11095,2.0
11102,4.0
11114,3.0
11115,3.0
11122,2.0
11125,3.0
11132,3.0
11140,3.0
11147,2.0
11148,4.0
11151,3.0
11156,2.0
11168,4.0
11174,3.0
11175,2.0
11180,3.0
11189,2.0
11193,3.0
11196,1.0
11197,3.0
11198,4.0
11199,2.0
11204,3.0
11211,2.0
11225,2.0
11235,3.0
11239,2.0
11241,2.0
11250,3.0
11251,2.0
11254,4.0
11260,2.0
11261,2.0
11263,2.0
11267,2.0
11270,3.0
11272,3.0
11275,2.0
11276,3.0
11280,2.0
11282,2.0
11287,2.0
11289,3.0
11291,3.0
11293,3.0
11297,2.0
11301,2.0
11308,3.0
11309,3.0
11310,3.0
11311,3.0
11312,2.0
11315,2.0
11317,2.0
11326,2.0
11334,3.0
11337,3.0
11339,2.0
11346,2.0
11347,3.0
11348,3.0
11352,4.0
11357,2.0
11360,2.0
11368,2.0
11396,2.0
11405,3.0
11411,2.0
11412,4.0
11414,3.0
11417,2.0
11421,3.0
11424,4.0
11428,3.0
11436,2.0
11438,3.0
11439,3.0
11449,2.0
11454,3.0
11456,3.0
11458,3.0
11460,3.0
11461,3.0
11467,2.0
11468,3.0
11480,2.0
11485,2.0
11486,2.0
11491,4.0
11498,4.0
11501,3.0
11502,2.0
11506,2.0
11521,2.0
11523,3.0
11524,4.0
11529,2.0
11532,3.0
11542,4.0
11555,3.0
11559,2.0
11563,3.0
11566,1.0
11572,3.0
11575,3.0
11577,2.0
11579,3.0
11581,2.0
11591,1.0
11594,2.0
11598,3.0
11599,2.0
11601,2.0
11602,3.0
11603,4.0
11610,3.0
11611,2.0
11614,3.0
11621,4.0
11625,3.0
11632,3.0
11633,1.0
11639,2.0
11643,3.0
11647,4.0
11648,2.0
11650,2.0
11657,3.0
11662,3.0
11667,2.0
11681,2.0
11687,3.0
11691,1.0
11707,4.0
11708,2.0
11722,4.0
11726,3.0
11729,2.0
11735,2.0
11739,2.0
11741,3.0
11748,3.0
11749,2.0
11757,2.0
11758,2.0
11765,2.0
11766,2.0
11770,3.0
11772,3.0
11778,3.0
11786,2.0
11789,3.0
11797,3.0
11800,2.0
11804,2.0
11810,2.0
11842,3.0
11843,2.0
11847,2.0
11848,3.0
11849,3.0
11850,4.0
11876,2.0
11879,2.0
11882,4.0
11890,3.0
11894,3.0
11897,2.0
11900,3.0
11904,2.0
11913,3.0
11933,3.0
11943,2.0
11944,2.0
11949,2.0
11952,2.0
11957,3.0
11960,3.0
11975,3.0
11978,3.0
11983,3.0
11990,2.0
12002,2.0
12004,3.0
12011,3.0
12016,3.0
12020,3.0
12023,2.0
12024,4.0
12025,3.0
12045,2.0
12051,3.0
12054,2.0
12055,2.0
12060,2.0
12065,4.0
12068,2.0
12069,4.0
12070,2.0
12072,2.0
12079,2.0
12080,2.0
12086,3.0
12096,2.0
12105,2.0
12106,2.0
12107,3.0
12121,2.0
12125,3.0
12133,3.0
12134,3.0
12150,3.0
12152,2.0
12163,3.0
12173,2.0
12186,2.0
12188,4.0
12191,3.0
12193,3.0
12196,3.0
12198,3.0
12222,2.0
12224,4.0
12225,4.0
12229,2.0
12234,3.0
12235,3.0
12236,2.0
12246,2.0
12250,2.0
12263,2.0
12264,3.0
12269,2.0
12277,3.0
12292,4.0
12310,3.0
12318,3.0
12329,2.0
12332,2.0
12340,3.0
12346,3.0
12353,3.0
12354,3.0
12356,3.0
12366,2.0
12367,2.0
12378,2.0
12389,4.0
12390,3.0
12402,2.0
12406,3.0
12412,4.0
12413,3.0
12415,2.0
12420,3.0
12423,2.0
12432,3.0
12433,3.0
12435,2.0
12436,3.0
12437,2.0
12438,2.0
12442,4.0
12444,2.0
12446,2.0
12461,3.0
12473,2.0
12474,2.0
12476,3.0
12484,2.0
12487,3.0
12488,2.0
12491,3.0
12493,2.0
